BookingID,CustomerName,Email,CheckInDate,CheckOutDate,RoomType,TotalPrice,BookingStatus
B0001,Customer1,customer1@example.com,2023-07-02,2023-07-05,Single,100,Confirmed
B0002,Customer2,customer2@example.com,2023-07-03,2023-07-06,Double,150,Pending
B0003,Customer3,customer3@example.com,2023-07-04,2023-07-07,Suite,250,Cancelled
B0004,Customer4,customer4@example.com,2023-07-05,2023-07-08,Single,100,Confirmed
B0005,Customer5,customer5@example.com,2023-07-06,2023-07-09,Double,150,Pending
B0006,Customer6,customer6@example.com,2023-07-07,2023-07-10,Suite,250,Cancelled
B0007,Customer7,customer7@example.com,2023-07-08,2023-07-11,Single,100,Confirmed
B0008,Customer8,customer8@example.com,2023-07-09,2023-07-12,Double,150,Pending
B0009,Customer9,customer9@example.com,2023-07-10,2023-07-13,Suite,250,Cancelled
B0010,Customer10,customer10@example.com,2023-07-11,2023-07-14,Single,100,Confirmed
B0011,Customer11,customer11@example.com,2023-07-12,2023-07-15,Double,150,Pending
B0012,Customer12,customer12@example.com,2023-07-13,2023-07-16,Suite,250,Cancelled
B0013,Customer13,customer13@example.com,2023-07-14,2023-07-17,Single,100,Confirmed
B0014,Customer14,customer14@example.com,2023-07-15,2023-07-18,Double,150,Pending
B0015,Customer15,customer15@example.com,2023-07-16,2023-07-19,Suite,250,Cancelled
B0016,Customer16,customer16@example.com,2023-07-17,2023-07-20,Single,100,Confirmed
B0017,Customer17,customer17@example.com,2023-07-18,2023-07-21,Double,150,Pending
B0018,Customer18,customer18@example.com,2023-07-19,2023-07-22,Suite,250,Cancelled
B0019,Customer19,customer19@example.com,2023-07-20,2023-07-23,Single,100,Confirmed
B0020,Customer20,customer20@example.com,2023-07-21,2023-07-24,Double,150,Pending
B0021,Customer21,customer21@example.com,2023-07-22,2023-07-25,Suite,250,Cancelled
B0022,Customer22,customer22@example.com,2023-07-23,2023-07-26,Single,100,Confirmed
B0023,Customer23,customer23@example.com,2023-07-24,2023-07-27,Double,150,Pending
B0024,Customer24,customer24@example.com,2023-07-25,2023-07-28,Suite,250,Cancelled
B0025,Customer25,customer25@example.com,2023-07-26,2023-07-29,Single,100,Confirmed
B0026,Customer26,customer26@example.com,2023-07-27,2023-07-30,Double,150,Pending
B0027,Customer27,customer27@example.com,2023-07-28,2023-07-31,Suite,250,Cancelled
B0028,Customer28,customer28@example.com,2023-07-29,2023-08-01,Single,100,Confirmed
B0029,Customer29,customer29@example.com,2023-07-30,2023-08-02,Double,150,Pending
B0030,Customer30,customer30@example.com,2023-07-01,2023-07-04,Suite,250,Cancelled
B0031,Customer31,customer31@example.com,2023-07-02,2023-07-05,Single,100,Confirmed
B0032,Customer32,customer32@example.com,2023-07-03,2023-07-06,Double,150,Pending
B0033,Customer33,customer33@example.com,2023-07-04,2023-07-07,Suite,250,Cancelled
B0034,Customer34,customer34@example.com,2023-07-05,2023-07-08,Single,100,Confirmed
B0035,Customer35,customer35@example.com,2023-07-06,2023-07-09,Double,150,Pending
B0036,Customer36,customer36@example.com,2023-07-07,2023-07-10,Suite,250,Cancelled
B0037,Customer37,customer37@example.com,2023-07-08,2023-07-11,Single,100,Confirmed
B0038,Customer38,customer38@example.com,2023-07-09,2023-07-12,Double,150,Pending
B0039,Customer39,customer39@example.com,2023-07-10,2023-07-13,Suite,250,Cancelled
B0040,Customer40,customer40@example.com,2023-07-11,2023-07-14,Single,100,Confirmed
B0041,Customer41,customer41@example.com,2023-07-12,2023-07-15,Double,150,Pending
B0042,Customer42,customer42@example.com,2023-07-13,2023-07-16,Suite,250,Cancelled
B0043,Customer43,customer43@example.com,2023-07-14,2023-07-17,Single,100,Confirmed
B0044,Customer44,customer44@example.com,2023-07-15,2023-07-18,Double,150,Pending
B0045,Customer45,customer45@example.com,2023-07-16,2023-07-19,Suite,250,Cancelled
B0046,Customer46,customer46@example.com,2023-07-17,2023-07-20,Single,100,Confirmed
B0047,Customer47,customer47@example.com,2023-07-18,2023-07-21,Double,150,Pending
B0048,Customer48,customer48@example.com,2023-07-19,2023-07-22,Suite,250,Cancelled
B0049,Customer49,customer49@example.com,2023-07-20,2023-07-23,Single,100,Confirmed
B0050,Customer50,customer50@example.com,2023-07-21,2023-07-24,Double,150,Pending
B0051,Customer51,customer51@example.com,2023-07-22,2023-07-25,Suite,250,Cancelled
B0052,Customer52,customer52@example.com,2023-07-23,2023-07-26,Single,100,Confirmed
B0053,Customer53,customer53@example.com,2023-07-24,2023-07-27,Double,150,Pending
B0054,Customer54,customer54@example.com,2023-07-25,2023-07-28,Suite,250,Cancelled
B0055,Customer55,customer55@example.com,2023-07-26,2023-07-29,Single,100,Confirmed
B0056,Customer56,customer56@example.com,2023-07-27,2023-07-30,Double,150,Pending
B0057,Customer57,customer57@example.com,2023-07-28,2023-07-31,Suite,250,Cancelled
B0058,Customer58,customer58@example.com,2023-07-29,2023-08-01,Single,100,Confirmed
B0059,Customer59,customer59@example.com,2023-07-30,2023-08-02,Double,150,Pending
B0060,Customer60,customer60@example.com,2023-07-01,2023-07-04,Suite,250,Cancelled
B0061,Customer61,customer61@example.com,2023-07-02,2023-07-05,Single,100,Confirmed
B0062,Customer62,customer62@example.com,2023-07-03,2023-07-06,Double,150,Pending
B0063,Customer63,customer63@example.com,2023-07-04,2023-07-07,Suite,250,Cancelled
B0064,Customer64,customer64@example.com,2023-07-05,2023-07-08,Single,100,Confirmed
B0065,Customer65,customer65@example.com,2023-07-06,2023-07-09,Double,150,Pending
B0066,Customer66,customer66@example.com,2023-07-07,2023-07-10,Suite,250,Cancelled
B0067,Customer67,customer67@example.com,2023-07-08,2023-07-11,Single,100,Confirmed
B0068,Customer68,customer68@example.com,2023-07-09,2023-07-12,Double,150,Pending
B0069,Customer69,customer69@example.com,2023-07-10,2023-07-13,Suite,250,Cancelled
B0070,Customer70,customer70@example.com,2023-07-11,2023-07-14,Single,100,Confirmed
B0071,Customer71,customer71@example.com,2023-07-12,2023-07-15,Double,150,Pending
B0072,Customer72,customer72@example.com,2023-07-13,2023-07-16,Suite,250,Cancelled
B0073,Customer73,customer73@example.com,2023-07-14,2023-07-17,Single,100,Confirmed
B0074,Customer74,customer74@example.com,2023-07-15,2023-07-18,Double,150,Pending
B0075,Customer75,customer75@example.com,2023-07-16,2023-07-19,Suite,250,Cancelled
B0076,Customer76,customer76@example.com,2023-07-17,2023-07-20,Single,100,Confirmed
B0077,Customer77,customer77@example.com,2023-07-18,2023-07-21,Double,150,Pending
B0078,Customer78,customer78@example.com,2023-07-19,2023-07-22,Suite,250,Cancelled
B0079,Customer79,customer79@example.com,2023-07-20,2023-07-23,Single,100,Confirmed
B0080,Customer80,customer80@example.com,2023-07-21,2023-07-24,Double,150,Pending
B0081,Customer81,customer81@example.com,2023-07-22,2023-07-25,Suite,250,Cancelled
B0082,Customer82,customer82@example.com,2023-07-23,2023-07-26,Single,100,Confirmed
B0083,Customer83,customer83@example.com,2023-07-24,2023-07-27,Double,150,Pending
B0084,Customer84,customer84@example.com,2023-07-25,2023-07-28,Suite,250,Cancelled
B0085,Customer85,customer85@example.com,2023-07-26,2023-07-29,Single,100,Confirmed
B0086,Customer86,customer86@example.com,2023-07-27,2023-07-30,Double,150,Pending
B0087,Customer87,customer87@example.com,2023-07-28,2023-07-31,Suite,250,Cancelled
B0088,Customer88,customer88@example.com,2023-07-29,2023-08-01,Single,100,Confirmed
B0089,Customer89,customer89@example.com,2023-07-30,2023-08-02,Double,150,Pending
B0090,Customer90,customer90@example.com,2023-07-01,2023-07-04,Suite,250,Cancelled
B0091,Customer91,customer91@example.com,2023-07-02,2023-07-05,Single,100,Confirmed
B0092,Customer92,customer92@example.com,2023-07-03,2023-07-06,Double,150,Pending
B0093,Customer93,customer93@example.com,2023-07-04,2023-07-07,Suite,250,Cancelled
B0094,Customer94,customer94@example.com,2023-07-05,2023-07-08,Single,100,Confirmed
B0095,Customer95,customer95@example.com,2023-07-06,2023-07-09,Double,150,Pending
B0096,Customer96,customer96@example.com,2023-07-07,2023-07-10,Suite,250,Cancelled
B0097,Customer97,customer97@example.com,2023-07-08,2023-07-11,Single,100,Confirmed
B0098,Customer98,customer98@example.com,2023-07-09,2023-07-12,Double,150,Pending
B0099,Customer99,customer99@example.com,2023-07-10,2023-07-13,Suite,250,Cancelled
B0100,Customer100,customer100@example.com,2023-07-11,2023-07-14,Single,100,Confirmed
B0101,Customer101,customer101@example.com,2023-07-12,2023-07-15,Double,150,Pending
B0102,Customer102,customer102@example.com,2023-07-13,2023-07-16,Suite,250,Cancelled
B0103,Customer103,customer103@example.com,2023-07-14,2023-07-17,Single,100,Confirmed
B0104,Customer104,customer104@example.com,2023-07-15,2023-07-18,Double,150,Pending
B0105,Customer105,customer105@example.com,2023-07-16,2023-07-19,Suite,250,Cancelled
B0106,Customer106,customer106@example.com,2023-07-17,2023-07-20,Single,100,Confirmed
B0107,Customer107,customer107@example.com,2023-07-18,2023-07-21,Double,150,Pending
B0108,Customer108,customer108@example.com,2023-07-19,2023-07-22,Suite,250,Cancelled
B0109,Customer109,customer109@example.com,2023-07-20,2023-07-23,Single,100,Confirmed
B0110,Customer110,customer110@example.com,2023-07-21,2023-07-24,Double,150,Pending
B0111,Customer111,customer111@example.com,2023-07-22,2023-07-25,Suite,250,Cancelled
B0112,Customer112,customer112@example.com,2023-07-23,2023-07-26,Single,100,Confirmed
B0113,Customer113,customer113@example.com,2023-07-24,2023-07-27,Double,150,Pending
B0114,Customer114,customer114@example.com,2023-07-25,2023-07-28,Suite,250,Cancelled
B0115,Customer115,customer115@example.com,2023-07-26,2023-07-29,Single,100,Confirmed
B0116,Customer116,customer116@example.com,2023-07-27,2023-07-30,Double,150,Pending
B0117,Customer117,customer117@example.com,2023-07-28,2023-07-31,Suite,250,Cancelled
B0118,Customer118,customer118@example.com,2023-07-29,2023-08-01,Single,100,Confirmed
B0119,Customer119,customer119@example.com,2023-07-30,2023-08-02,Double,150,Pending
B0120,Customer120,customer120@example.com,2023-07-01,2023-07-04,Suite,250,Cancelled
B0121,Customer121,customer121@example.com,2023-07-02,2023-07-05,Single,100,Confirmed
B0122,Customer122,customer122@example.com,2023-07-03,2023-07-06,Double,150,Pending
B0123,Customer123,customer123@example.com,2023-07-04,2023-07-07,Suite,250,Cancelled
B0124,Customer124,customer124@example.com,2023-07-05,2023-07-08,Single,100,Confirmed
B0125,Customer125,customer125@example.com,2023-07-06,2023-07-09,Double,150,Pending
B0126,Customer126,customer126@example.com,2023-07-07,2023-07-10,Suite,250,Cancelled
B0127,Customer127,customer127@example.com,2023-07-08,2023-07-11,Single,100,Confirmed
B0128,Customer128,customer128@example.com,2023-07-09,2023-07-12,Double,150,Pending
B0129,Customer129,customer129@example.com,2023-07-10,2023-07-13,Suite,250,Cancelled
B0130,Customer130,customer130@example.com,2023-07-11,2023-07-14,Single,100,Confirmed
B0131,Customer131,customer131@example.com,2023-07-12,2023-07-15,Double,150,Pending
B0132,Customer132,customer132@example.com,2023-07-13,2023-07-16,Suite,250,Cancelled
B0133,Customer133,customer133@example.com,2023-07-14,2023-07-17,Single,100,Confirmed
B0134,Customer134,customer134@example.com,2023-07-15,2023-07-18,Double,150,Pending
B0135,Customer135,customer135@example.com,2023-07-16,2023-07-19,Suite,250,Cancelled
B0136,Customer136,customer136@example.com,2023-07-17,2023-07-20,Single,100,Confirmed
B0137,Customer137,customer137@example.com,2023-07-18,2023-07-21,Double,150,Pending
B0138,Customer138,customer138@example.com,2023-07-19,2023-07-22,Suite,250,Cancelled
B0139,Customer139,customer139@example.com,2023-07-20,2023-07-23,Single,100,Confirmed
B0140,Customer140,customer140@example.com,2023-07-21,2023-07-24,Double,150,Pending
B0141,Customer141,customer141@example.com,2023-07-22,2023-07-25,Suite,250,Cancelled
B0142,Customer142,customer142@example.com,2023-07-23,2023-07-26,Single,100,Confirmed
B0143,Customer143,customer143@example.com,2023-07-24,2023-07-27,Double,150,Pending
B0144,Customer144,customer144@example.com,2023-07-25,2023-07-28,Suite,250,Cancelled
B0145,Customer145,customer145@example.com,2023-07-26,2023-07-29,Single,100,Confirmed
B0146,Customer146,customer146@example.com,2023-07-27,2023-07-30,Double,150,Pending
B0147,Customer147,customer147@example.com,2023-07-28,2023-07-31,Suite,250,Cancelled
B0148,Customer148,customer148@example.com,2023-07-29,2023-08-01,Single,100,Confirmed
B0149,Customer149,customer149@example.com,2023-07-30,2023-08-02,Double,150,Pending
B0150,Customer150,customer150@example.com,2023-07-01,2023-07-04,Suite,250,Cancelled
B0151,Customer151,customer151@example.com,2023-07-02,2023-07-05,Single,100,Confirmed
B0152,Customer152,customer152@example.com,2023-07-03,2023-07-06,Double,150,Pending
B0153,Customer153,customer153@example.com,2023-07-04,2023-07-07,Suite,250,Cancelled
B0154,Customer154,customer154@example.com,2023-07-05,2023-07-08,Single,100,Confirmed
B0155,Customer155,customer155@example.com,2023-07-06,2023-07-09,Double,150,Pending
B0156,Customer156,customer156@example.com,2023-07-07,2023-07-10,Suite,250,Cancelled
B0157,Customer157,customer157@example.com,2023-07-08,2023-07-11,Single,100,Confirmed
B0158,Customer158,customer158@example.com,2023-07-09,2023-07-12,Double,150,Pending
B0159,Customer159,customer159@example.com,2023-07-10,2023-07-13,Suite,250,Cancelled
B0160,Customer160,customer160@example.com,2023-07-11,2023-07-14,Single,100,Confirmed
B0161,Customer161,customer161@example.com,2023-07-12,2023-07-15,Double,150,Pending
B0162,Customer162,customer162@example.com,2023-07-13,2023-07-16,Suite,250,Cancelled
B0163,Customer163,customer163@example.com,2023-07-14,2023-07-17,Single,100,Confirmed
B0164,Customer164,customer164@example.com,2023-07-15,2023-07-18,Double,150,Pending
B0165,Customer165,customer165@example.com,2023-07-16,2023-07-19,Suite,250,Cancelled
B0166,Customer166,customer166@example.com,2023-07-17,2023-07-20,Single,100,Confirmed
B0167,Customer167,customer167@example.com,2023-07-18,2023-07-21,Double,150,Pending
B0168,Customer168,customer168@example.com,2023-07-19,2023-07-22,Suite,250,Cancelled
B0169,Customer169,customer169@example.com,2023-07-20,2023-07-23,Single,100,Confirmed
B0170,Customer170,customer170@example.com,2023-07-21,2023-07-24,Double,150,Pending
B0171,Customer171,customer171@example.com,2023-07-22,2023-07-25,Suite,250,Cancelled
B0172,Customer172,customer172@example.com,2023-07-23,2023-07-26,Single,100,Confirmed
B0173,Customer173,customer173@example.com,2023-07-24,2023-07-27,Double,150,Pending
B0174,Customer174,customer174@example.com,2023-07-25,2023-07-28,Suite,250,Cancelled
B0175,Customer175,customer175@example.com,2023-07-26,2023-07-29,Single,100,Confirmed
B0176,Customer176,customer176@example.com,2023-07-27,2023-07-30,Double,150,Pending
B0177,Customer177,customer177@example.com,2023-07-28,2023-07-31,Suite,250,Cancelled
B0178,Customer178,customer178@example.com,2023-07-29,2023-08-01,Single,100,Confirmed
B0179,Customer179,customer179@example.com,2023-07-30,2023-08-02,Double,150,Pending
B0180,Customer180,customer180@example.com,2023-07-01,2023-07-04,Suite,250,Cancelled
B0181,Customer181,customer181@example.com,2023-07-02,2023-07-05,Single,100,Confirmed
B0182,Customer182,customer182@example.com,2023-07-03,2023-07-06,Double,150,Pending
B0183,Customer183,customer183@example.com,2023-07-04,2023-07-07,Suite,250,Cancelled
B0184,Customer184,customer184@example.com,2023-07-05,2023-07-08,Single,100,Confirmed
B0185,Customer185,customer185@example.com,2023-07-06,2023-07-09,Double,150,Pending
B0186,Customer186,customer186@example.com,2023-07-07,2023-07-10,Suite,250,Cancelled
B0187,Customer187,customer187@example.com,2023-07-08,2023-07-11,Single,100,Confirmed
B0188,Customer188,customer188@example.com,2023-07-09,2023-07-12,Double,150,Pending
B0189,Customer189,customer189@example.com,2023-07-10,2023-07-13,Suite,250,Cancelled
B0190,Customer190,customer190@example.com,2023-07-11,2023-07-14,Single,100,Confirmed
B0191,Customer191,customer191@example.com,2023-07-12,2023-07-15,Double,150,Pending
B0192,Customer192,customer192@example.com,2023-07-13,2023-07-16,Suite,250,Cancelled
B0193,Customer193,customer193@example.com,2023-07-14,2023-07-17,Single,100,Confirmed
B0194,Customer194,customer194@example.com,2023-07-15,2023-07-18,Double,150,Pending
B0195,Customer195,customer195@example.com,2023-07-16,2023-07-19,Suite,250,Cancelled
B0196,Customer196,customer196@example.com,2023-07-17,2023-07-20,Single,100,Confirmed
B0197,Customer197,customer197@example.com,2023-07-18,2023-07-21,Double,150,Pending
B0198,Customer198,customer198@example.com,2023-07-19,2023-07-22,Suite,250,Cancelled
B0199,Customer199,customer199@example.com,2023-07-20,2023-07-23,Single,100,Confirmed
B0200,Customer200,customer200@example.com,2023-07-21,2023-07-24,Double,150,Pending
B0201,Customer201,customer201@example.com,2023-07-22,2023-07-25,Suite,250,Cancelled
B0202,Customer202,customer202@example.com,2023-07-23,2023-07-26,Single,100,Confirmed
B0203,Customer203,customer203@example.com,2023-07-24,2023-07-27,Double,150,Pending
B0204,Customer204,customer204@example.com,2023-07-25,2023-07-28,Suite,250,Cancelled
B0205,Customer205,customer205@example.com,2023-07-26,2023-07-29,Single,100,Confirmed
B0206,Customer206,customer206@example.com,2023-07-27,2023-07-30,Double,150,Pending
B0207,Customer207,customer207@example.com,2023-07-28,2023-07-31,Suite,250,Cancelled
B0208,Customer208,customer208@example.com,2023-07-29,2023-08-01,Single,100,Confirmed
B0209,Customer209,customer209@example.com,2023-07-30,2023-08-02,Double,150,Pending
B0210,Customer210,customer210@example.com,2023-07-01,2023-07-04,Suite,250,Cancelled
B0211,Customer211,customer211@example.com,2023-07-02,2023-07-05,Single,100,Confirmed
B0212,Customer212,customer212@example.com,2023-07-03,2023-07-06,Double,150,Pending
B0213,Customer213,customer213@example.com,2023-07-04,2023-07-07,Suite,250,Cancelled
B0214,Customer214,customer214@example.com,2023-07-05,2023-07-08,Single,100,Confirmed
B0215,Customer215,customer215@example.com,2023-07-06,2023-07-09,Double,150,Pending
B0216,Customer216,customer216@example.com,2023-07-07,2023-07-10,Suite,250,Cancelled
B0217,Customer217,customer217@example.com,2023-07-08,2023-07-11,Single,100,Confirmed
B0218,Customer218,customer218@example.com,2023-07-09,2023-07-12,Double,150,Pending
B0219,Customer219,customer219@example.com,2023-07-10,2023-07-13,Suite,250,Cancelled
B0220,Customer220,customer220@example.com,2023-07-11,2023-07-14,Single,100,Confirmed
B0221,Customer221,customer221@example.com,2023-07-12,2023-07-15,Double,150,Pending
B0222,Customer222,customer222@example.com,2023-07-13,2023-07-16,Suite,250,Cancelled
B0223,Customer223,customer223@example.com,2023-07-14,2023-07-17,Single,100,Confirmed
B0224,Customer224,customer224@example.com,2023-07-15,2023-07-18,Double,150,Pending
B0225,Customer225,customer225@example.com,2023-07-16,2023-07-19,Suite,250,Cancelled
B0226,Customer226,customer226@example.com,2023-07-17,2023-07-20,Single,100,Confirmed
B0227,Customer227,customer227@example.com,2023-07-18,2023-07-21,Double,150,Pending
B0228,Customer228,customer228@example.com,2023-07-19,2023-07-22,Suite,250,Cancelled
B0229,Customer229,customer229@example.com,2023-07-20,2023-07-23,Single,100,Confirmed
B0230,Customer230,customer230@example.com,2023-07-21,2023-07-24,Double,150,Pending
B0231,Customer231,customer231@example.com,2023-07-22,2023-07-25,Suite,250,Cancelled
B0232,Customer232,customer232@example.com,2023-07-23,2023-07-26,Single,100,Confirmed
B0233,Customer233,customer233@example.com,2023-07-24,2023-07-27,Double,150,Pending
B0234,Customer234,customer234@example.com,2023-07-25,2023-07-28,Suite,250,Cancelled
B0235,Customer235,customer235@example.com,2023-07-26,2023-07-29,Single,100,Confirmed
B0236,Customer236,customer236@example.com,2023-07-27,2023-07-30,Double,150,Pending
B0237,Customer237,customer237@example.com,2023-07-28,2023-07-31,Suite,250,Cancelled
B0238,Customer238,customer238@example.com,2023-07-29,2023-08-01,Single,100,Confirmed
B0239,Customer239,customer239@example.com,2023-07-30,2023-08-02,Double,150,Pending
B0240,Customer240,customer240@example.com,2023-07-01,2023-07-04,Suite,250,Cancelled
B0241,Customer241,customer241@example.com,2023-07-02,2023-07-05,Single,100,Confirmed
B0242,Customer242,customer242@example.com,2023-07-03,2023-07-06,Double,150,Pending
B0243,Customer243,customer243@example.com,2023-07-04,2023-07-07,Suite,250,Cancelled
B0244,Customer244,customer244@example.com,2023-07-05,2023-07-08,Single,100,Confirmed
B0245,Customer245,customer245@example.com,2023-07-06,2023-07-09,Double,150,Pending
B0246,Customer246,customer246@example.com,2023-07-07,2023-07-10,Suite,250,Cancelled
B0247,Customer247,customer247@example.com,2023-07-08,2023-07-11,Single,100,Confirmed
B0248,Customer248,customer248@example.com,2023-07-09,2023-07-12,Double,150,Pending
B0249,Customer249,customer249@example.com,2023-07-10,2023-07-13,Suite,250,Cancelled
B0250,Customer250,customer250@example.com,2023-07-11,2023-07-14,Single,100,Confirmed
B0251,Customer251,customer251@example.com,2023-07-12,2023-07-15,Double,150,Pending
B0252,Customer252,customer252@example.com,2023-07-13,2023-07-16,Suite,250,Cancelled
B0253,Customer253,customer253@example.com,2023-07-14,2023-07-17,Single,100,Confirmed
B0254,Customer254,customer254@example.com,2023-07-15,2023-07-18,Double,150,Pending
B0255,Customer255,customer255@example.com,2023-07-16,2023-07-19,Suite,250,Cancelled
B0256,Customer256,customer256@example.com,2023-07-17,2023-07-20,Single,100,Confirmed
B0257,Customer257,customer257@example.com,2023-07-18,2023-07-21,Double,150,Pending
B0258,Customer258,customer258@example.com,2023-07-19,2023-07-22,Suite,250,Cancelled
B0259,Customer259,customer259@example.com,2023-07-20,2023-07-23,Single,100,Confirmed
B0260,Customer260,customer260@example.com,2023-07-21,2023-07-24,Double,150,Pending
B0261,Customer261,customer261@example.com,2023-07-22,2023-07-25,Suite,250,Cancelled
B0262,Customer262,customer262@example.com,2023-07-23,2023-07-26,Single,100,Confirmed
B0263,Customer263,customer263@example.com,2023-07-24,2023-07-27,Double,150,Pending
B0264,Customer264,customer264@example.com,2023-07-25,2023-07-28,Suite,250,Cancelled
B0265,Customer265,customer265@example.com,2023-07-26,2023-07-29,Single,100,Confirmed
B0266,Customer266,customer266@example.com,2023-07-27,2023-07-30,Double,150,Pending
B0267,Customer267,customer267@example.com,2023-07-28,2023-07-31,Suite,250,Cancelled
B0268,Customer268,customer268@example.com,2023-07-29,2023-08-01,Single,100,Confirmed
B0269,Customer269,customer269@example.com,2023-07-30,2023-08-02,Double,150,Pending
B0270,Customer270,customer270@example.com,2023-07-01,2023-07-04,Suite,250,Cancelled
B0271,Customer271,customer271@example.com,2023-07-02,2023-07-05,Single,100,Confirmed
B0272,Customer272,customer272@example.com,2023-07-03,2023-07-06,Double,150,Pending
B0273,Customer273,customer273@example.com,2023-07-04,2023-07-07,Suite,250,Cancelled
B0274,Customer274,customer274@example.com,2023-07-05,2023-07-08,Single,100,Confirmed
B0275,Customer275,customer275@example.com,2023-07-06,2023-07-09,Double,150,Pending
B0276,Customer276,customer276@example.com,2023-07-07,2023-07-10,Suite,250,Cancelled
B0277,Customer277,customer277@example.com,2023-07-08,2023-07-11,Single,100,Confirmed
B0278,Customer278,customer278@example.com,2023-07-09,2023-07-12,Double,150,Pending
B0279,Customer279,customer279@example.com,2023-07-10,2023-07-13,Suite,250,Cancelled
B0280,Customer280,customer280@example.com,2023-07-11,2023-07-14,Single,100,Confirmed
B0281,Customer281,customer281@example.com,2023-07-12,2023-07-15,Double,150,Pending
B0282,Customer282,customer282@example.com,2023-07-13,2023-07-16,Suite,250,Cancelled
B0283,Customer283,customer283@example.com,2023-07-14,2023-07-17,Single,100,Confirmed
B0284,Customer284,customer284@example.com,2023-07-15,2023-07-18,Double,150,Pending
B0285,Customer285,customer285@example.com,2023-07-16,2023-07-19,Suite,250,Cancelled
B0286,Customer286,customer286@example.com,2023-07-17,2023-07-20,Single,100,Confirmed
B0287,Customer287,customer287@example.com,2023-07-18,2023-07-21,Double,150,Pending
B0288,Customer288,customer288@example.com,2023-07-19,2023-07-22,Suite,250,Cancelled
B0289,Customer289,customer289@example.com,2023-07-20,2023-07-23,Single,100,Confirmed
B0290,Customer290,customer290@example.com,2023-07-21,2023-07-24,Double,150,Pending
B0291,Customer291,customer291@example.com,2023-07-22,2023-07-25,Suite,250,Cancelled
B0292,Customer292,customer292@example.com,2023-07-23,2023-07-26,Single,100,Confirmed
B0293,Customer293,customer293@example.com,2023-07-24,2023-07-27,Double,150,Pending
B0294,Customer294,customer294@example.com,2023-07-25,2023-07-28,Suite,250,Cancelled
B0295,Customer295,customer295@example.com,2023-07-26,2023-07-29,Single,100,Confirmed
B0296,Customer296,customer296@example.com,2023-07-27,2023-07-30,Double,150,Pending
B0297,Customer297,customer297@example.com,2023-07-28,2023-07-31,Suite,250,Cancelled
B0298,Customer298,customer298@example.com,2023-07-29,2023-08-01,Single,100,Confirmed
B0299,Customer299,customer299@example.com,2023-07-30,2023-08-02,Double,150,Pending
B0300,Customer300,customer300@example.com,2023-07-01,2023-07-04,Suite,250,Cancelled
B0301,Customer301,customer301@example.com,2023-07-02,2023-07-05,Single,100,Confirmed
B0302,Customer302,customer302@example.com,2023-07-03,2023-07-06,Double,150,Pending
B0303,Customer303,customer303@example.com,2023-07-04,2023-07-07,Suite,250,Cancelled
B0304,Customer304,customer304@example.com,2023-07-05,2023-07-08,Single,100,Confirmed
B0305,Customer305,customer305@example.com,2023-07-06,2023-07-09,Double,150,Pending
B0306,Customer306,customer306@example.com,2023-07-07,2023-07-10,Suite,250,Cancelled
B0307,Customer307,customer307@example.com,2023-07-08,2023-07-11,Single,100,Confirmed
B0308,Customer308,customer308@example.com,2023-07-09,2023-07-12,Double,150,Pending
B0309,Customer309,customer309@example.com,2023-07-10,2023-07-13,Suite,250,Cancelled
B0310,Customer310,customer310@example.com,2023-07-11,2023-07-14,Single,100,Confirmed
B0311,Customer311,customer311@example.com,2023-07-12,2023-07-15,Double,150,Pending
B0312,Customer312,customer312@example.com,2023-07-13,2023-07-16,Suite,250,Cancelled
B0313,Customer313,customer313@example.com,2023-07-14,2023-07-17,Single,100,Confirmed
B0314,Customer314,customer314@example.com,2023-07-15,2023-07-18,Double,150,Pending
B0315,Customer315,customer315@example.com,2023-07-16,2023-07-19,Suite,250,Cancelled
B0316,Customer316,customer316@example.com,2023-07-17,2023-07-20,Single,100,Confirmed
B0317,Customer317,customer317@example.com,2023-07-18,2023-07-21,Double,150,Pending
B0318,Customer318,customer318@example.com,2023-07-19,2023-07-22,Suite,250,Cancelled
B0319,Customer319,customer319@example.com,2023-07-20,2023-07-23,Single,100,Confirmed
B0320,Customer320,customer320@example.com,2023-07-21,2023-07-24,Double,150,Pending
B0321,Customer321,customer321@example.com,2023-07-22,2023-07-25,Suite,250,Cancelled
B0322,Customer322,customer322@example.com,2023-07-23,2023-07-26,Single,100,Confirmed
B0323,Customer323,customer323@example.com,2023-07-24,2023-07-27,Double,150,Pending
B0324,Customer324,customer324@example.com,2023-07-25,2023-07-28,Suite,250,Cancelled
B0325,Customer325,customer325@example.com,2023-07-26,2023-07-29,Single,100,Confirmed
B0326,Customer326,customer326@example.com,2023-07-27,2023-07-30,Double,150,Pending
B0327,Customer327,customer327@example.com,2023-07-28,2023-07-31,Suite,250,Cancelled
B0328,Customer328,customer328@example.com,2023-07-29,2023-08-01,Single,100,Confirmed
B0329,Customer329,customer329@example.com,2023-07-30,2023-08-02,Double,150,Pending
B0330,Customer330,customer330@example.com,2023-07-01,2023-07-04,Suite,250,Cancelled
B0331,Customer331,customer331@example.com,2023-07-02,2023-07-05,Single,100,Confirmed
B0332,Customer332,customer332@example.com,2023-07-03,2023-07-06,Double,150,Pending
B0333,Customer333,customer333@example.com,2023-07-04,2023-07-07,Suite,250,Cancelled
B0334,Customer334,customer334@example.com,2023-07-05,2023-07-08,Single,100,Confirmed
B0335,Customer335,customer335@example.com,2023-07-06,2023-07-09,Double,150,Pending
B0336,Customer336,customer336@example.com,2023-07-07,2023-07-10,Suite,250,Cancelled
B0337,Customer337,customer337@example.com,2023-07-08,2023-07-11,Single,100,Confirmed
B0338,Customer338,customer338@example.com,2023-07-09,2023-07-12,Double,150,Pending
B0339,Customer339,customer339@example.com,2023-07-10,2023-07-13,Suite,250,Cancelled
B0340,Customer340,customer340@example.com,2023-07-11,2023-07-14,Single,100,Confirmed
B0341,Customer341,customer341@example.com,2023-07-12,2023-07-15,Double,150,Pending
B0342,Customer342,customer342@example.com,2023-07-13,2023-07-16,Suite,250,Cancelled
B0343,Customer343,customer343@example.com,2023-07-14,2023-07-17,Single,100,Confirmed
B0344,Customer344,customer344@example.com,2023-07-15,2023-07-18,Double,150,Pending
B0345,Customer345,customer345@example.com,2023-07-16,2023-07-19,Suite,250,Cancelled
B0346,Customer346,customer346@example.com,2023-07-17,2023-07-20,Single,100,Confirmed
B0347,Customer347,customer347@example.com,2023-07-18,2023-07-21,Double,150,Pending
B0348,Customer348,customer348@example.com,2023-07-19,2023-07-22,Suite,250,Cancelled
B0349,Customer349,customer349@example.com,2023-07-20,2023-07-23,Single,100,Confirmed
B0350,Customer350,customer350@example.com,2023-07-21,2023-07-24,Double,150,Pending
B0351,Customer351,customer351@example.com,2023-07-22,2023-07-25,Suite,250,Cancelled
B0352,Customer352,customer352@example.com,2023-07-23,2023-07-26,Single,100,Confirmed
B0353,Customer353,customer353@example.com,2023-07-24,2023-07-27,Double,150,Pending
B0354,Customer354,customer354@example.com,2023-07-25,2023-07-28,Suite,250,Cancelled
B0355,Customer355,customer355@example.com,2023-07-26,2023-07-29,Single,100,Confirmed
B0356,Customer356,customer356@example.com,2023-07-27,2023-07-30,Double,150,Pending
B0357,Customer357,customer357@example.com,2023-07-28,2023-07-31,Suite,250,Cancelled
B0358,Customer358,customer358@example.com,2023-07-29,2023-08-01,Single,100,Confirmed
B0359,Customer359,customer359@example.com,2023-07-30,2023-08-02,Double,150,Pending
B0360,Customer360,customer360@example.com,2023-07-01,2023-07-04,Suite,250,Cancelled
B0361,Customer361,customer361@example.com,2023-07-02,2023-07-05,Single,100,Confirmed
B0362,Customer362,customer362@example.com,2023-07-03,2023-07-06,Double,150,Pending
B0363,Customer363,customer363@example.com,2023-07-04,2023-07-07,Suite,250,Cancelled
B0364,Customer364,customer364@example.com,2023-07-05,2023-07-08,Single,100,Confirmed
B0365,Customer365,customer365@example.com,2023-07-06,2023-07-09,Double,150,Pending
B0366,Customer366,customer366@example.com,2023-07-07,2023-07-10,Suite,250,Cancelled
B0367,Customer367,customer367@example.com,2023-07-08,2023-07-11,Single,100,Confirmed
B0368,Customer368,customer368@example.com,2023-07-09,2023-07-12,Double,150,Pending
B0369,Customer369,customer369@example.com,2023-07-10,2023-07-13,Suite,250,Cancelled
B0370,Customer370,customer370@example.com,2023-07-11,2023-07-14,Single,100,Confirmed
B0371,Customer371,customer371@example.com,2023-07-12,2023-07-15,Double,150,Pending
B0372,Customer372,customer372@example.com,2023-07-13,2023-07-16,Suite,250,Cancelled
B0373,Customer373,customer373@example.com,2023-07-14,2023-07-17,Single,100,Confirmed
B0374,Customer374,customer374@example.com,2023-07-15,2023-07-18,Double,150,Pending
B0375,Customer375,customer375@example.com,2023-07-16,2023-07-19,Suite,250,Cancelled
B0376,Customer376,customer376@example.com,2023-07-17,2023-07-20,Single,100,Confirmed
B0377,Customer377,customer377@example.com,2023-07-18,2023-07-21,Double,150,Pending
B0378,Customer378,customer378@example.com,2023-07-19,2023-07-22,Suite,250,Cancelled
B0379,Customer379,customer379@example.com,2023-07-20,2023-07-23,Single,100,Confirmed
B0380,Customer380,customer380@example.com,2023-07-21,2023-07-24,Double,150,Pending
B0381,Customer381,customer381@example.com,2023-07-22,2023-07-25,Suite,250,Cancelled
B0382,Customer382,customer382@example.com,2023-07-23,2023-07-26,Single,100,Confirmed
B0383,Customer383,customer383@example.com,2023-07-24,2023-07-27,Double,150,Pending
B0384,Customer384,customer384@example.com,2023-07-25,2023-07-28,Suite,250,Cancelled
B0385,Customer385,customer385@example.com,2023-07-26,2023-07-29,Single,100,Confirmed
B0386,Customer386,customer386@example.com,2023-07-27,2023-07-30,Double,150,Pending
B0387,Customer387,customer387@example.com,2023-07-28,2023-07-31,Suite,250,Cancelled
B0388,Customer388,customer388@example.com,2023-07-29,2023-08-01,Single,100,Confirmed
B0389,Customer389,customer389@example.com,2023-07-30,2023-08-02,Double,150,Pending
B0390,Customer390,customer390@example.com,2023-07-01,2023-07-04,Suite,250,Cancelled
B0391,Customer391,customer391@example.com,2023-07-02,2023-07-05,Single,100,Confirmed
B0392,Customer392,customer392@example.com,2023-07-03,2023-07-06,Double,150,Pending
B0393,Customer393,customer393@example.com,2023-07-04,2023-07-07,Suite,250,Cancelled
B0394,Customer394,customer394@example.com,2023-07-05,2023-07-08,Single,100,Confirmed
B0395,Customer395,customer395@example.com,2023-07-06,2023-07-09,Double,150,Pending
B0396,Customer396,customer396@example.com,2023-07-07,2023-07-10,Suite,250,Cancelled
B0397,Customer397,customer397@example.com,2023-07-08,2023-07-11,Single,100,Confirmed
B0398,Customer398,customer398@example.com,2023-07-09,2023-07-12,Double,150,Pending
B0399,Customer399,customer399@example.com,2023-07-10,2023-07-13,Suite,250,Cancelled
B0400,Customer400,customer400@example.com,2023-07-11,2023-07-14,Single,100,Confirmed
B0401,Customer401,customer401@example.com,2023-07-12,2023-07-15,Double,150,Pending
B0402,Customer402,customer402@example.com,2023-07-13,2023-07-16,Suite,250,Cancelled
B0403,Customer403,customer403@example.com,2023-07-14,2023-07-17,Single,100,Confirmed
B0404,Customer404,customer404@example.com,2023-07-15,2023-07-18,Double,150,Pending
B0405,Customer405,customer405@example.com,2023-07-16,2023-07-19,Suite,250,Cancelled
B0406,Customer406,customer406@example.com,2023-07-17,2023-07-20,Single,100,Confirmed
B0407,Customer407,customer407@example.com,2023-07-18,2023-07-21,Double,150,Pending
B0408,Customer408,customer408@example.com,2023-07-19,2023-07-22,Suite,250,Cancelled
B0409,Customer409,customer409@example.com,2023-07-20,2023-07-23,Single,100,Confirmed
B0410,Customer410,customer410@example.com,2023-07-21,2023-07-24,Double,150,Pending
B0411,Customer411,customer411@example.com,2023-07-22,2023-07-25,Suite,250,Cancelled
B0412,Customer412,customer412@example.com,2023-07-23,2023-07-26,Single,100,Confirmed
B0413,Customer413,customer413@example.com,2023-07-24,2023-07-27,Double,150,Pending
B0414,Customer414,customer414@example.com,2023-07-25,2023-07-28,Suite,250,Cancelled
B0415,Customer415,customer415@example.com,2023-07-26,2023-07-29,Single,100,Confirmed
B0416,Customer416,customer416@example.com,2023-07-27,2023-07-30,Double,150,Pending
B0417,Customer417,customer417@example.com,2023-07-28,2023-07-31,Suite,250,Cancelled
B0418,Customer418,customer418@example.com,2023-07-29,2023-08-01,Single,100,Confirmed
B0419,Customer419,customer419@example.com,2023-07-30,2023-08-02,Double,150,Pending
B0420,Customer420,customer420@example.com,2023-07-01,2023-07-04,Suite,250,Cancelled
B0421,Customer421,customer421@example.com,2023-07-02,2023-07-05,Single,100,Confirmed
B0422,Customer422,customer422@example.com,2023-07-03,2023-07-06,Double,150,Pending
B0423,Customer423,customer423@example.com,2023-07-04,2023-07-07,Suite,250,Cancelled
B0424,Customer424,customer424@example.com,2023-07-05,2023-07-08,Single,100,Confirmed
B0425,Customer425,customer425@example.com,2023-07-06,2023-07-09,Double,150,Pending
B0426,Customer426,customer426@example.com,2023-07-07,2023-07-10,Suite,250,Cancelled
B0427,Customer427,customer427@example.com,2023-07-08,2023-07-11,Single,100,Confirmed
B0428,Customer428,customer428@example.com,2023-07-09,2023-07-12,Double,150,Pending
B0429,Customer429,customer429@example.com,2023-07-10,2023-07-13,Suite,250,Cancelled
B0430,Customer430,customer430@example.com,2023-07-11,2023-07-14,Single,100,Confirmed
B0431,Customer431,customer431@example.com,2023-07-12,2023-07-15,Double,150,Pending
B0432,Customer432,customer432@example.com,2023-07-13,2023-07-16,Suite,250,Cancelled
B0433,Customer433,customer433@example.com,2023-07-14,2023-07-17,Single,100,Confirmed
B0434,Customer434,customer434@example.com,2023-07-15,2023-07-18,Double,150,Pending
B0435,Customer435,customer435@example.com,2023-07-16,2023-07-19,Suite,250,Cancelled
B0436,Customer436,customer436@example.com,2023-07-17,2023-07-20,Single,100,Confirmed
B0437,Customer437,customer437@example.com,2023-07-18,2023-07-21,Double,150,Pending
B0438,Customer438,customer438@example.com,2023-07-19,2023-07-22,Suite,250,Cancelled
B0439,Customer439,customer439@example.com,2023-07-20,2023-07-23,Single,100,Confirmed
B0440,Customer440,customer440@example.com,2023-07-21,2023-07-24,Double,150,Pending
B0441,Customer441,customer441@example.com,2023-07-22,2023-07-25,Suite,250,Cancelled
B0442,Customer442,customer442@example.com,2023-07-23,2023-07-26,Single,100,Confirmed
B0443,Customer443,customer443@example.com,2023-07-24,2023-07-27,Double,150,Pending
B0444,Customer444,customer444@example.com,2023-07-25,2023-07-28,Suite,250,Cancelled
B0445,Customer445,customer445@example.com,2023-07-26,2023-07-29,Single,100,Confirmed
B0446,Customer446,customer446@example.com,2023-07-27,2023-07-30,Double,150,Pending
B0447,Customer447,customer447@example.com,2023-07-28,2023-07-31,Suite,250,Cancelled
B0448,Customer448,customer448@example.com,2023-07-29,2023-08-01,Single,100,Confirmed
B0449,Customer449,customer449@example.com,2023-07-30,2023-08-02,Double,150,Pending
B0450,Customer450,customer450@example.com,2023-07-01,2023-07-04,Suite,250,Cancelled
B0451,Customer451,customer451@example.com,2023-07-02,2023-07-05,Single,100,Confirmed
B0452,Customer452,customer452@example.com,2023-07-03,2023-07-06,Double,150,Pending
B0453,Customer453,customer453@example.com,2023-07-04,2023-07-07,Suite,250,Cancelled
B0454,Customer454,customer454@example.com,2023-07-05,2023-07-08,Single,100,Confirmed
B0455,Customer455,customer455@example.com,2023-07-06,2023-07-09,Double,150,Pending
B0456,Customer456,customer456@example.com,2023-07-07,2023-07-10,Suite,250,Cancelled
B0457,Customer457,customer457@example.com,2023-07-08,2023-07-11,Single,100,Confirmed
B0458,Customer458,customer458@example.com,2023-07-09,2023-07-12,Double,150,Pending
B0459,Customer459,customer459@example.com,2023-07-10,2023-07-13,Suite,250,Cancelled
B0460,Customer460,customer460@example.com,2023-07-11,2023-07-14,Single,100,Confirmed
B0461,Customer461,customer461@example.com,2023-07-12,2023-07-15,Double,150,Pending
B0462,Customer462,customer462@example.com,2023-07-13,2023-07-16,Suite,250,Cancelled
B0463,Customer463,customer463@example.com,2023-07-14,2023-07-17,Single,100,Confirmed
B0464,Customer464,customer464@example.com,2023-07-15,2023-07-18,Double,150,Pending
B0465,Customer465,customer465@example.com,2023-07-16,2023-07-19,Suite,250,Cancelled
B0466,Customer466,customer466@example.com,2023-07-17,2023-07-20,Single,100,Confirmed
B0467,Customer467,customer467@example.com,2023-07-18,2023-07-21,Double,150,Pending
B0468,Customer468,customer468@example.com,2023-07-19,2023-07-22,Suite,250,Cancelled
B0469,Customer469,customer469@example.com,2023-07-20,2023-07-23,Single,100,Confirmed
B0470,Customer470,customer470@example.com,2023-07-21,2023-07-24,Double,150,Pending
B0471,Customer471,customer471@example.com,2023-07-22,2023-07-25,Suite,250,Cancelled
B0472,Customer472,customer472@example.com,2023-07-23,2023-07-26,Single,100,Confirmed
B0473,Customer473,customer473@example.com,2023-07-24,2023-07-27,Double,150,Pending
B0474,Customer474,customer474@example.com,2023-07-25,2023-07-28,Suite,250,Cancelled
B0475,Customer475,customer475@example.com,2023-07-26,2023-07-29,Single,100,Confirmed
B0476,Customer476,customer476@example.com,2023-07-27,2023-07-30,Double,150,Pending
B0477,Customer477,customer477@example.com,2023-07-28,2023-07-31,Suite,250,Cancelled
B0478,Customer478,customer478@example.com,2023-07-29,2023-08-01,Single,100,Confirmed
B0479,Customer479,customer479@example.com,2023-07-30,2023-08-02,Double,150,Pending
B0480,Customer480,customer480@example.com,2023-07-01,2023-07-04,Suite,250,Cancelled
B0481,Customer481,customer481@example.com,2023-07-02,2023-07-05,Single,100,Confirmed
B0482,Customer482,customer482@example.com,2023-07-03,2023-07-06,Double,150,Pending
B0483,Customer483,customer483@example.com,2023-07-04,2023-07-07,Suite,250,Cancelled
B0484,Customer484,customer484@example.com,2023-07-05,2023-07-08,Single,100,Confirmed
B0485,Customer485,customer485@example.com,2023-07-06,2023-07-09,Double,150,Pending
B0486,Customer486,customer486@example.com,2023-07-07,2023-07-10,Suite,250,Cancelled
B0487,Customer487,customer487@example.com,2023-07-08,2023-07-11,Single,100,Confirmed
B0488,Customer488,customer488@example.com,2023-07-09,2023-07-12,Double,150,Pending
B0489,Customer489,customer489@example.com,2023-07-10,2023-07-13,Suite,250,Cancelled
B0490,Customer490,customer490@example.com,2023-07-11,2023-07-14,Single,100,Confirmed
B0491,Customer491,customer491@example.com,2023-07-12,2023-07-15,Double,150,Pending
B0492,Customer492,customer492@example.com,2023-07-13,2023-07-16,Suite,250,Cancelled
B0493,Customer493,customer493@example.com,2023-07-14,2023-07-17,Single,100,Confirmed
B0494,Customer494,customer494@example.com,2023-07-15,2023-07-18,Double,150,Pending
B0495,Customer495,customer495@example.com,2023-07-16,2023-07-19,Suite,250,Cancelled
B0496,Customer496,customer496@example.com,2023-07-17,2023-07-20,Single,100,Confirmed
B0497,Customer497,customer497@example.com,2023-07-18,2023-07-21,Double,150,Pending
B0498,Customer498,customer498@example.com,2023-07-19,2023-07-22,Suite,250,Cancelled
B0499,Customer499,customer499@example.com,2023-07-20,2023-07-23,Single,100,Confirmed
B0500,Customer500,customer500@example.com,2023-07-21,2023-07-24,Double,150,Pending
B0501,Customer501,customer501@example.com,2023-07-22,2023-07-25,Suite,250,Cancelled
B0502,Customer502,customer502@example.com,2023-07-23,2023-07-26,Single,100,Confirmed
B0503,Customer503,customer503@example.com,2023-07-24,2023-07-27,Double,150,Pending
B0504,Customer504,customer504@example.com,2023-07-25,2023-07-28,Suite,250,Cancelled
B0505,Customer505,customer505@example.com,2023-07-26,2023-07-29,Single,100,Confirmed
B0506,Customer506,customer506@example.com,2023-07-27,2023-07-30,Double,150,Pending
B0507,Customer507,customer507@example.com,2023-07-28,2023-07-31,Suite,250,Cancelled
B0508,Customer508,customer508@example.com,2023-07-29,2023-08-01,Single,100,Confirmed
B0509,Customer509,customer509@example.com,2023-07-30,2023-08-02,Double,150,Pending
B0510,Customer510,customer510@example.com,2023-07-01,2023-07-04,Suite,250,Cancelled
B0511,Customer511,customer511@example.com,2023-07-02,2023-07-05,Single,100,Confirmed
B0512,Customer512,customer512@example.com,2023-07-03,2023-07-06,Double,150,Pending
B0513,Customer513,customer513@example.com,2023-07-04,2023-07-07,Suite,250,Cancelled
B0514,Customer514,customer514@example.com,2023-07-05,2023-07-08,Single,100,Confirmed
B0515,Customer515,customer515@example.com,2023-07-06,2023-07-09,Double,150,Pending
B0516,Customer516,customer516@example.com,2023-07-07,2023-07-10,Suite,250,Cancelled
B0517,Customer517,customer517@example.com,2023-07-08,2023-07-11,Single,100,Confirmed
B0518,Customer518,customer518@example.com,2023-07-09,2023-07-12,Double,150,Pending
B0519,Customer519,customer519@example.com,2023-07-10,2023-07-13,Suite,250,Cancelled
B0520,Customer520,customer520@example.com,2023-07-11,2023-07-14,Single,100,Confirmed
B0521,Customer521,customer521@example.com,2023-07-12,2023-07-15,Double,150,Pending
B0522,Customer522,customer522@example.com,2023-07-13,2023-07-16,Suite,250,Cancelled
B0523,Customer523,customer523@example.com,2023-07-14,2023-07-17,Single,100,Confirmed
B0524,Customer524,customer524@example.com,2023-07-15,2023-07-18,Double,150,Pending
B0525,Customer525,customer525@example.com,2023-07-16,2023-07-19,Suite,250,Cancelled
B0526,Customer526,customer526@example.com,2023-07-17,2023-07-20,Single,100,Confirmed
B0527,Customer527,customer527@example.com,2023-07-18,2023-07-21,Double,150,Pending
B0528,Customer528,customer528@example.com,2023-07-19,2023-07-22,Suite,250,Cancelled
B0529,Customer529,customer529@example.com,2023-07-20,2023-07-23,Single,100,Confirmed
B0530,Customer530,customer530@example.com,2023-07-21,2023-07-24,Double,150,Pending
B0531,Customer531,customer531@example.com,2023-07-22,2023-07-25,Suite,250,Cancelled
B0532,Customer532,customer532@example.com,2023-07-23,2023-07-26,Single,100,Confirmed
B0533,Customer533,customer533@example.com,2023-07-24,2023-07-27,Double,150,Pending
B0534,Customer534,customer534@example.com,2023-07-25,2023-07-28,Suite,250,Cancelled
B0535,Customer535,customer535@example.com,2023-07-26,2023-07-29,Single,100,Confirmed
B0536,Customer536,customer536@example.com,2023-07-27,2023-07-30,Double,150,Pending
B0537,Customer537,customer537@example.com,2023-07-28,2023-07-31,Suite,250,Cancelled
B0538,Customer538,customer538@example.com,2023-07-29,2023-08-01,Single,100,Confirmed
B0539,Customer539,customer539@example.com,2023-07-30,2023-08-02,Double,150,Pending
B0540,Customer540,customer540@example.com,2023-07-01,2023-07-04,Suite,250,Cancelled
B0541,Customer541,customer541@example.com,2023-07-02,2023-07-05,Single,100,Confirmed
B0542,Customer542,customer542@example.com,2023-07-03,2023-07-06,Double,150,Pending
B0543,Customer543,customer543@example.com,2023-07-04,2023-07-07,Suite,250,Cancelled
B0544,Customer544,customer544@example.com,2023-07-05,2023-07-08,Single,100,Confirmed
B0545,Customer545,customer545@example.com,2023-07-06,2023-07-09,Double,150,Pending
B0546,Customer546,customer546@example.com,2023-07-07,2023-07-10,Suite,250,Cancelled
B0547,Customer547,customer547@example.com,2023-07-08,2023-07-11,Single,100,Confirmed
B0548,Customer548,customer548@example.com,2023-07-09,2023-07-12,Double,150,Pending
B0549,Customer549,customer549@example.com,2023-07-10,2023-07-13,Suite,250,Cancelled
B0550,Customer550,customer550@example.com,2023-07-11,2023-07-14,Single,100,Confirmed
B0551,Customer551,customer551@example.com,2023-07-12,2023-07-15,Double,150,Pending
B0552,Customer552,customer552@example.com,2023-07-13,2023-07-16,Suite,250,Cancelled
B0553,Customer553,customer553@example.com,2023-07-14,2023-07-17,Single,100,Confirmed
B0554,Customer554,customer554@example.com,2023-07-15,2023-07-18,Double,150,Pending
B0555,Customer555,customer555@example.com,2023-07-16,2023-07-19,Suite,250,Cancelled
B0556,Customer556,customer556@example.com,2023-07-17,2023-07-20,Single,100,Confirmed
B0557,Customer557,customer557@example.com,2023-07-18,2023-07-21,Double,150,Pending
B0558,Customer558,customer558@example.com,2023-07-19,2023-07-22,Suite,250,Cancelled
B0559,Customer559,customer559@example.com,2023-07-20,2023-07-23,Single,100,Confirmed
B0560,Customer560,customer560@example.com,2023-07-21,2023-07-24,Double,150,Pending
B0561,Customer561,customer561@example.com,2023-07-22,2023-07-25,Suite,250,Cancelled
B0562,Customer562,customer562@example.com,2023-07-23,2023-07-26,Single,100,Confirmed
B0563,Customer563,customer563@example.com,2023-07-24,2023-07-27,Double,150,Pending
B0564,Customer564,customer564@example.com,2023-07-25,2023-07-28,Suite,250,Cancelled
B0565,Customer565,customer565@example.com,2023-07-26,2023-07-29,Single,100,Confirmed
B0566,Customer566,customer566@example.com,2023-07-27,2023-07-30,Double,150,Pending
B0567,Customer567,customer567@example.com,2023-07-28,2023-07-31,Suite,250,Cancelled
B0568,Customer568,customer568@example.com,2023-07-29,2023-08-01,Single,100,Confirmed
B0569,Customer569,customer569@example.com,2023-07-30,2023-08-02,Double,150,Pending
B0570,Customer570,customer570@example.com,2023-07-01,2023-07-04,Suite,250,Cancelled
B0571,Customer571,customer571@example.com,2023-07-02,2023-07-05,Single,100,Confirmed
B0572,Customer572,customer572@example.com,2023-07-03,2023-07-06,Double,150,Pending
B0573,Customer573,customer573@example.com,2023-07-04,2023-07-07,Suite,250,Cancelled
B0574,Customer574,customer574@example.com,2023-07-05,2023-07-08,Single,100,Confirmed
B0575,Customer575,customer575@example.com,2023-07-06,2023-07-09,Double,150,Pending
B0576,Customer576,customer576@example.com,2023-07-07,2023-07-10,Suite,250,Cancelled
B0577,Customer577,customer577@example.com,2023-07-08,2023-07-11,Single,100,Confirmed
B0578,Customer578,customer578@example.com,2023-07-09,2023-07-12,Double,150,Pending
B0579,Customer579,customer579@example.com,2023-07-10,2023-07-13,Suite,250,Cancelled
B0580,Customer580,customer580@example.com,2023-07-11,2023-07-14,Single,100,Confirmed
B0581,Customer581,customer581@example.com,2023-07-12,2023-07-15,Double,150,Pending
B0582,Customer582,customer582@example.com,2023-07-13,2023-07-16,Suite,250,Cancelled
B0583,Customer583,customer583@example.com,2023-07-14,2023-07-17,Single,100,Confirmed
B0584,Customer584,customer584@example.com,2023-07-15,2023-07-18,Double,150,Pending
B0585,Customer585,customer585@example.com,2023-07-16,2023-07-19,Suite,250,Cancelled
B0586,Customer586,customer586@example.com,2023-07-17,2023-07-20,Single,100,Confirmed
B0587,Customer587,customer587@example.com,2023-07-18,2023-07-21,Double,150,Pending
B0588,Customer588,customer588@example.com,2023-07-19,2023-07-22,Suite,250,Cancelled
B0589,Customer589,customer589@example.com,2023-07-20,2023-07-23,Single,100,Confirmed
B0590,Customer590,customer590@example.com,2023-07-21,2023-07-24,Double,150,Pending
B0591,Customer591,customer591@example.com,2023-07-22,2023-07-25,Suite,250,Cancelled
B0592,Customer592,customer592@example.com,2023-07-23,2023-07-26,Single,100,Confirmed
B0593,Customer593,customer593@example.com,2023-07-24,2023-07-27,Double,150,Pending
B0594,Customer594,customer594@example.com,2023-07-25,2023-07-28,Suite,250,Cancelled
B0595,Customer595,customer595@example.com,2023-07-26,2023-07-29,Single,100,Confirmed
B0596,Customer596,customer596@example.com,2023-07-27,2023-07-30,Double,150,Pending
B0597,Customer597,customer597@example.com,2023-07-28,2023-07-31,Suite,250,Cancelled
B0598,Customer598,customer598@example.com,2023-07-29,2023-08-01,Single,100,Confirmed
B0599,Customer599,customer599@example.com,2023-07-30,2023-08-02,Double,150,Pending
B0600,Customer600,customer600@example.com,2023-07-01,2023-07-04,Suite,250,Cancelled
B0601,Customer601,customer601@example.com,2023-07-02,2023-07-05,Single,100,Confirmed
B0602,Customer602,customer602@example.com,2023-07-03,2023-07-06,Double,150,Pending
B0603,Customer603,customer603@example.com,2023-07-04,2023-07-07,Suite,250,Cancelled
B0604,Customer604,customer604@example.com,2023-07-05,2023-07-08,Single,100,Confirmed
B0605,Customer605,customer605@example.com,2023-07-06,2023-07-09,Double,150,Pending
B0606,Customer606,customer606@example.com,2023-07-07,2023-07-10,Suite,250,Cancelled
B0607,Customer607,customer607@example.com,2023-07-08,2023-07-11,Single,100,Confirmed
B0608,Customer608,customer608@example.com,2023-07-09,2023-07-12,Double,150,Pending
B0609,Customer609,customer609@example.com,2023-07-10,2023-07-13,Suite,250,Cancelled
B0610,Customer610,customer610@example.com,2023-07-11,2023-07-14,Single,100,Confirmed
B0611,Customer611,customer611@example.com,2023-07-12,2023-07-15,Double,150,Pending
B0612,Customer612,customer612@example.com,2023-07-13,2023-07-16,Suite,250,Cancelled
B0613,Customer613,customer613@example.com,2023-07-14,2023-07-17,Single,100,Confirmed
B0614,Customer614,customer614@example.com,2023-07-15,2023-07-18,Double,150,Pending
B0615,Customer615,customer615@example.com,2023-07-16,2023-07-19,Suite,250,Cancelled
B0616,Customer616,customer616@example.com,2023-07-17,2023-07-20,Single,100,Confirmed
B0617,Customer617,customer617@example.com,2023-07-18,2023-07-21,Double,150,Pending
B0618,Customer618,customer618@example.com,2023-07-19,2023-07-22,Suite,250,Cancelled
B0619,Customer619,customer619@example.com,2023-07-20,2023-07-23,Single,100,Confirmed
B0620,Customer620,customer620@example.com,2023-07-21,2023-07-24,Double,150,Pending
B0621,Customer621,customer621@example.com,2023-07-22,2023-07-25,Suite,250,Cancelled
B0622,Customer622,customer622@example.com,2023-07-23,2023-07-26,Single,100,Confirmed
B0623,Customer623,customer623@example.com,2023-07-24,2023-07-27,Double,150,Pending
B0624,Customer624,customer624@example.com,2023-07-25,2023-07-28,Suite,250,Cancelled
B0625,Customer625,customer625@example.com,2023-07-26,2023-07-29,Single,100,Confirmed
B0626,Customer626,customer626@example.com,2023-07-27,2023-07-30,Double,150,Pending
B0627,Customer627,customer627@example.com,2023-07-28,2023-07-31,Suite,250,Cancelled
B0628,Customer628,customer628@example.com,2023-07-29,2023-08-01,Single,100,Confirmed
B0629,Customer629,customer629@example.com,2023-07-30,2023-08-02,Double,150,Pending
B0630,Customer630,customer630@example.com,2023-07-01,2023-07-04,Suite,250,Cancelled
B0631,Customer631,customer631@example.com,2023-07-02,2023-07-05,Single,100,Confirmed
B0632,Customer632,customer632@example.com,2023-07-03,2023-07-06,Double,150,Pending
B0633,Customer633,customer633@example.com,2023-07-04,2023-07-07,Suite,250,Cancelled
B0634,Customer634,customer634@example.com,2023-07-05,2023-07-08,Single,100,Confirmed
B0635,Customer635,customer635@example.com,2023-07-06,2023-07-09,Double,150,Pending
B0636,Customer636,customer636@example.com,2023-07-07,2023-07-10,Suite,250,Cancelled
B0637,Customer637,customer637@example.com,2023-07-08,2023-07-11,Single,100,Confirmed
B0638,Customer638,customer638@example.com,2023-07-09,2023-07-12,Double,150,Pending
B0639,Customer639,customer639@example.com,2023-07-10,2023-07-13,Suite,250,Cancelled
B0640,Customer640,customer640@example.com,2023-07-11,2023-07-14,Single,100,Confirmed
B0641,Customer641,customer641@example.com,2023-07-12,2023-07-15,Double,150,Pending
B0642,Customer642,customer642@example.com,2023-07-13,2023-07-16,Suite,250,Cancelled
B0643,Customer643,customer643@example.com,2023-07-14,2023-07-17,Single,100,Confirmed
B0644,Customer644,customer644@example.com,2023-07-15,2023-07-18,Double,150,Pending
B0645,Customer645,customer645@example.com,2023-07-16,2023-07-19,Suite,250,Cancelled
B0646,Customer646,customer646@example.com,2023-07-17,2023-07-20,Single,100,Confirmed
B0647,Customer647,customer647@example.com,2023-07-18,2023-07-21,Double,150,Pending
B0648,Customer648,customer648@example.com,2023-07-19,2023-07-22,Suite,250,Cancelled
B0649,Customer649,customer649@example.com,2023-07-20,2023-07-23,Single,100,Confirmed
B0650,Customer650,customer650@example.com,2023-07-21,2023-07-24,Double,150,Pending
B0651,Customer651,customer651@example.com,2023-07-22,2023-07-25,Suite,250,Cancelled
B0652,Customer652,customer652@example.com,2023-07-23,2023-07-26,Single,100,Confirmed
B0653,Customer653,customer653@example.com,2023-07-24,2023-07-27,Double,150,Pending
B0654,Customer654,customer654@example.com,2023-07-25,2023-07-28,Suite,250,Cancelled
B0655,Customer655,customer655@example.com,2023-07-26,2023-07-29,Single,100,Confirmed
B0656,Customer656,customer656@example.com,2023-07-27,2023-07-30,Double,150,Pending
B0657,Customer657,customer657@example.com,2023-07-28,2023-07-31,Suite,250,Cancelled
B0658,Customer658,customer658@example.com,2023-07-29,2023-08-01,Single,100,Confirmed
B0659,Customer659,customer659@example.com,2023-07-30,2023-08-02,Double,150,Pending
B0660,Customer660,customer660@example.com,2023-07-01,2023-07-04,Suite,250,Cancelled
B0661,Customer661,customer661@example.com,2023-07-02,2023-07-05,Single,100,Confirmed
B0662,Customer662,customer662@example.com,2023-07-03,2023-07-06,Double,150,Pending
B0663,Customer663,customer663@example.com,2023-07-04,2023-07-07,Suite,250,Cancelled
B0664,Customer664,customer664@example.com,2023-07-05,2023-07-08,Single,100,Confirmed
B0665,Customer665,customer665@example.com,2023-07-06,2023-07-09,Double,150,Pending
B0666,Customer666,customer666@example.com,2023-07-07,2023-07-10,Suite,250,Cancelled
B0667,Customer667,customer667@example.com,2023-07-08,2023-07-11,Single,100,Confirmed
B0668,Customer668,customer668@example.com,2023-07-09,2023-07-12,Double,150,Pending
B0669,Customer669,customer669@example.com,2023-07-10,2023-07-13,Suite,250,Cancelled
B0670,Customer670,customer670@example.com,2023-07-11,2023-07-14,Single,100,Confirmed
B0671,Customer671,customer671@example.com,2023-07-12,2023-07-15,Double,150,Pending
B0672,Customer672,customer672@example.com,2023-07-13,2023-07-16,Suite,250,Cancelled
B0673,Customer673,customer673@example.com,2023-07-14,2023-07-17,Single,100,Confirmed
B0674,Customer674,customer674@example.com,2023-07-15,2023-07-18,Double,150,Pending
B0675,Customer675,customer675@example.com,2023-07-16,2023-07-19,Suite,250,Cancelled
B0676,Customer676,customer676@example.com,2023-07-17,2023-07-20,Single,100,Confirmed
B0677,Customer677,customer677@example.com,2023-07-18,2023-07-21,Double,150,Pending
B0678,Customer678,customer678@example.com,2023-07-19,2023-07-22,Suite,250,Cancelled
B0679,Customer679,customer679@example.com,2023-07-20,2023-07-23,Single,100,Confirmed
B0680,Customer680,customer680@example.com,2023-07-21,2023-07-24,Double,150,Pending
B0681,Customer681,customer681@example.com,2023-07-22,2023-07-25,Suite,250,Cancelled
B0682,Customer682,customer682@example.com,2023-07-23,2023-07-26,Single,100,Confirmed
B0683,Customer683,customer683@example.com,2023-07-24,2023-07-27,Double,150,Pending
B0684,Customer684,customer684@example.com,2023-07-25,2023-07-28,Suite,250,Cancelled
B0685,Customer685,customer685@example.com,2023-07-26,2023-07-29,Single,100,Confirmed
B0686,Customer686,customer686@example.com,2023-07-27,2023-07-30,Double,150,Pending
B0687,Customer687,customer687@example.com,2023-07-28,2023-07-31,Suite,250,Cancelled
B0688,Customer688,customer688@example.com,2023-07-29,2023-08-01,Single,100,Confirmed
B0689,Customer689,customer689@example.com,2023-07-30,2023-08-02,Double,150,Pending
B0690,Customer690,customer690@example.com,2023-07-01,2023-07-04,Suite,250,Cancelled
B0691,Customer691,customer691@example.com,2023-07-02,2023-07-05,Single,100,Confirmed
B0692,Customer692,customer692@example.com,2023-07-03,2023-07-06,Double,150,Pending
B0693,Customer693,customer693@example.com,2023-07-04,2023-07-07,Suite,250,Cancelled
B0694,Customer694,customer694@example.com,2023-07-05,2023-07-08,Single,100,Confirmed
B0695,Customer695,customer695@example.com,2023-07-06,2023-07-09,Double,150,Pending
B0696,Customer696,customer696@example.com,2023-07-07,2023-07-10,Suite,250,Cancelled
B0697,Customer697,customer697@example.com,2023-07-08,2023-07-11,Single,100,Confirmed
B0698,Customer698,customer698@example.com,2023-07-09,2023-07-12,Double,150,Pending
B0699,Customer699,customer699@example.com,2023-07-10,2023-07-13,Suite,250,Cancelled
B0700,Customer700,customer700@example.com,2023-07-11,2023-07-14,Single,100,Confirmed
B0701,Customer701,customer701@example.com,2023-07-12,2023-07-15,Double,150,Pending
B0702,Customer702,customer702@example.com,2023-07-13,2023-07-16,Suite,250,Cancelled
B0703,Customer703,customer703@example.com,2023-07-14,2023-07-17,Single,100,Confirmed
B0704,Customer704,customer704@example.com,2023-07-15,2023-07-18,Double,150,Pending
B0705,Customer705,customer705@example.com,2023-07-16,2023-07-19,Suite,250,Cancelled
B0706,Customer706,customer706@example.com,2023-07-17,2023-07-20,Single,100,Confirmed
B0707,Customer707,customer707@example.com,2023-07-18,2023-07-21,Double,150,Pending
B0708,Customer708,customer708@example.com,2023-07-19,2023-07-22,Suite,250,Cancelled
B0709,Customer709,customer709@example.com,2023-07-20,2023-07-23,Single,100,Confirmed
B0710,Customer710,customer710@example.com,2023-07-21,2023-07-24,Double,150,Pending
B0711,Customer711,customer711@example.com,2023-07-22,2023-07-25,Suite,250,Cancelled
B0712,Customer712,customer712@example.com,2023-07-23,2023-07-26,Single,100,Confirmed
B0713,Customer713,customer713@example.com,2023-07-24,2023-07-27,Double,150,Pending
B0714,Customer714,customer714@example.com,2023-07-25,2023-07-28,Suite,250,Cancelled
B0715,Customer715,customer715@example.com,2023-07-26,2023-07-29,Single,100,Confirmed
B0716,Customer716,customer716@example.com,2023-07-27,2023-07-30,Double,150,Pending
B0717,Customer717,customer717@example.com,2023-07-28,2023-07-31,Suite,250,Cancelled
B0718,Customer718,customer718@example.com,2023-07-29,2023-08-01,Single,100,Confirmed
B0719,Customer719,customer719@example.com,2023-07-30,2023-08-02,Double,150,Pending
B0720,Customer720,customer720@example.com,2023-07-01,2023-07-04,Suite,250,Cancelled
B0721,Customer721,customer721@example.com,2023-07-02,2023-07-05,Single,100,Confirmed
B0722,Customer722,customer722@example.com,2023-07-03,2023-07-06,Double,150,Pending
B0723,Customer723,customer723@example.com,2023-07-04,2023-07-07,Suite,250,Cancelled
B0724,Customer724,customer724@example.com,2023-07-05,2023-07-08,Single,100,Confirmed
B0725,Customer725,customer725@example.com,2023-07-06,2023-07-09,Double,150,Pending
B0726,Customer726,customer726@example.com,2023-07-07,2023-07-10,Suite,250,Cancelled
B0727,Customer727,customer727@example.com,2023-07-08,2023-07-11,Single,100,Confirmed
B0728,Customer728,customer728@example.com,2023-07-09,2023-07-12,Double,150,Pending
B0729,Customer729,customer729@example.com,2023-07-10,2023-07-13,Suite,250,Cancelled
B0730,Customer730,customer730@example.com,2023-07-11,2023-07-14,Single,100,Confirmed
B0731,Customer731,customer731@example.com,2023-07-12,2023-07-15,Double,150,Pending
B0732,Customer732,customer732@example.com,2023-07-13,2023-07-16,Suite,250,Cancelled
B0733,Customer733,customer733@example.com,2023-07-14,2023-07-17,Single,100,Confirmed
B0734,Customer734,customer734@example.com,2023-07-15,2023-07-18,Double,150,Pending
B0735,Customer735,customer735@example.com,2023-07-16,2023-07-19,Suite,250,Cancelled
B0736,Customer736,customer736@example.com,2023-07-17,2023-07-20,Single,100,Confirmed
B0737,Customer737,customer737@example.com,2023-07-18,2023-07-21,Double,150,Pending
B0738,Customer738,customer738@example.com,2023-07-19,2023-07-22,Suite,250,Cancelled
B0739,Customer739,customer739@example.com,2023-07-20,2023-07-23,Single,100,Confirmed
B0740,Customer740,customer740@example.com,2023-07-21,2023-07-24,Double,150,Pending
B0741,Customer741,customer741@example.com,2023-07-22,2023-07-25,Suite,250,Cancelled
B0742,Customer742,customer742@example.com,2023-07-23,2023-07-26,Single,100,Confirmed
B0743,Customer743,customer743@example.com,2023-07-24,2023-07-27,Double,150,Pending
B0744,Customer744,customer744@example.com,2023-07-25,2023-07-28,Suite,250,Cancelled
B0745,Customer745,customer745@example.com,2023-07-26,2023-07-29,Single,100,Confirmed
B0746,Customer746,customer746@example.com,2023-07-27,2023-07-30,Double,150,Pending
B0747,Customer747,customer747@example.com,2023-07-28,2023-07-31,Suite,250,Cancelled
B0748,Customer748,customer748@example.com,2023-07-29,2023-08-01,Single,100,Confirmed
B0749,Customer749,customer749@example.com,2023-07-30,2023-08-02,Double,150,Pending
B0750,Customer750,customer750@example.com,2023-07-01,2023-07-04,Suite,250,Cancelled
B0751,Customer751,customer751@example.com,2023-07-02,2023-07-05,Single,100,Confirmed
B0752,Customer752,customer752@example.com,2023-07-03,2023-07-06,Double,150,Pending
B0753,Customer753,customer753@example.com,2023-07-04,2023-07-07,Suite,250,Cancelled
B0754,Customer754,customer754@example.com,2023-07-05,2023-07-08,Single,100,Confirmed
B0755,Customer755,customer755@example.com,2023-07-06,2023-07-09,Double,150,Pending
B0756,Customer756,customer756@example.com,2023-07-07,2023-07-10,Suite,250,Cancelled
B0757,Customer757,customer757@example.com,2023-07-08,2023-07-11,Single,100,Confirmed
B0758,Customer758,customer758@example.com,2023-07-09,2023-07-12,Double,150,Pending
B0759,Customer759,customer759@example.com,2023-07-10,2023-07-13,Suite,250,Cancelled
B0760,Customer760,customer760@example.com,2023-07-11,2023-07-14,Single,100,Confirmed
B0761,Customer761,customer761@example.com,2023-07-12,2023-07-15,Double,150,Pending
B0762,Customer762,customer762@example.com,2023-07-13,2023-07-16,Suite,250,Cancelled
B0763,Customer763,customer763@example.com,2023-07-14,2023-07-17,Single,100,Confirmed
B0764,Customer764,customer764@example.com,2023-07-15,2023-07-18,Double,150,Pending
B0765,Customer765,customer765@example.com,2023-07-16,2023-07-19,Suite,250,Cancelled
B0766,Customer766,customer766@example.com,2023-07-17,2023-07-20,Single,100,Confirmed
B0767,Customer767,customer767@example.com,2023-07-18,2023-07-21,Double,150,Pending
B0768,Customer768,customer768@example.com,2023-07-19,2023-07-22,Suite,250,Cancelled
B0769,Customer769,customer769@example.com,2023-07-20,2023-07-23,Single,100,Confirmed
B0770,Customer770,customer770@example.com,2023-07-21,2023-07-24,Double,150,Pending
B0771,Customer771,customer771@example.com,2023-07-22,2023-07-25,Suite,250,Cancelled
B0772,Customer772,customer772@example.com,2023-07-23,2023-07-26,Single,100,Confirmed
B0773,Customer773,customer773@example.com,2023-07-24,2023-07-27,Double,150,Pending
B0774,Customer774,customer774@example.com,2023-07-25,2023-07-28,Suite,250,Cancelled
B0775,Customer775,customer775@example.com,2023-07-26,2023-07-29,Single,100,Confirmed
B0776,Customer776,customer776@example.com,2023-07-27,2023-07-30,Double,150,Pending
B0777,Customer777,customer777@example.com,2023-07-28,2023-07-31,Suite,250,Cancelled
B0778,Customer778,customer778@example.com,2023-07-29,2023-08-01,Single,100,Confirmed
B0779,Customer779,customer779@example.com,2023-07-30,2023-08-02,Double,150,Pending
B0780,Customer780,customer780@example.com,2023-07-01,2023-07-04,Suite,250,Cancelled
B0781,Customer781,customer781@example.com,2023-07-02,2023-07-05,Single,100,Confirmed
B0782,Customer782,customer782@example.com,2023-07-03,2023-07-06,Double,150,Pending
B0783,Customer783,customer783@example.com,2023-07-04,2023-07-07,Suite,250,Cancelled
B0784,Customer784,customer784@example.com,2023-07-05,2023-07-08,Single,100,Confirmed
B0785,Customer785,customer785@example.com,2023-07-06,2023-07-09,Double,150,Pending
B0786,Customer786,customer786@example.com,2023-07-07,2023-07-10,Suite,250,Cancelled
B0787,Customer787,customer787@example.com,2023-07-08,2023-07-11,Single,100,Confirmed
B0788,Customer788,customer788@example.com,2023-07-09,2023-07-12,Double,150,Pending
B0789,Customer789,customer789@example.com,2023-07-10,2023-07-13,Suite,250,Cancelled
B0790,Customer790,customer790@example.com,2023-07-11,2023-07-14,Single,100,Confirmed
B0791,Customer791,customer791@example.com,2023-07-12,2023-07-15,Double,150,Pending
B0792,Customer792,customer792@example.com,2023-07-13,2023-07-16,Suite,250,Cancelled
B0793,Customer793,customer793@example.com,2023-07-14,2023-07-17,Single,100,Confirmed
B0794,Customer794,customer794@example.com,2023-07-15,2023-07-18,Double,150,Pending
B0795,Customer795,customer795@example.com,2023-07-16,2023-07-19,Suite,250,Cancelled
B0796,Customer796,customer796@example.com,2023-07-17,2023-07-20,Single,100,Confirmed
B0797,Customer797,customer797@example.com,2023-07-18,2023-07-21,Double,150,Pending
B0798,Customer798,customer798@example.com,2023-07-19,2023-07-22,Suite,250,Cancelled
B0799,Customer799,customer799@example.com,2023-07-20,2023-07-23,Single,100,Confirmed
B0800,Customer800,customer800@example.com,2023-07-21,2023-07-24,Double,150,Pending
B0801,Customer801,customer801@example.com,2023-07-22,2023-07-25,Suite,250,Cancelled
B0802,Customer802,customer802@example.com,2023-07-23,2023-07-26,Single,100,Confirmed
B0803,Customer803,customer803@example.com,2023-07-24,2023-07-27,Double,150,Pending
B0804,Customer804,customer804@example.com,2023-07-25,2023-07-28,Suite,250,Cancelled
B0805,Customer805,customer805@example.com,2023-07-26,2023-07-29,Single,100,Confirmed
B0806,Customer806,customer806@example.com,2023-07-27,2023-07-30,Double,150,Pending
B0807,Customer807,customer807@example.com,2023-07-28,2023-07-31,Suite,250,Cancelled
B0808,Customer808,customer808@example.com,2023-07-29,2023-08-01,Single,100,Confirmed
B0809,Customer809,customer809@example.com,2023-07-30,2023-08-02,Double,150,Pending
B0810,Customer810,customer810@example.com,2023-07-01,2023-07-04,Suite,250,Cancelled
B0811,Customer811,customer811@example.com,2023-07-02,2023-07-05,Single,100,Confirmed
B0812,Customer812,customer812@example.com,2023-07-03,2023-07-06,Double,150,Pending
B0813,Customer813,customer813@example.com,2023-07-04,2023-07-07,Suite,250,Cancelled
B0814,Customer814,customer814@example.com,2023-07-05,2023-07-08,Single,100,Confirmed
B0815,Customer815,customer815@example.com,2023-07-06,2023-07-09,Double,150,Pending
B0816,Customer816,customer816@example.com,2023-07-07,2023-07-10,Suite,250,Cancelled
B0817,Customer817,customer817@example.com,2023-07-08,2023-07-11,Single,100,Confirmed
B0818,Customer818,customer818@example.com,2023-07-09,2023-07-12,Double,150,Pending
B0819,Customer819,customer819@example.com,2023-07-10,2023-07-13,Suite,250,Cancelled
B0820,Customer820,customer820@example.com,2023-07-11,2023-07-14,Single,100,Confirmed
B0821,Customer821,customer821@example.com,2023-07-12,2023-07-15,Double,150,Pending
B0822,Customer822,customer822@example.com,2023-07-13,2023-07-16,Suite,250,Cancelled
B0823,Customer823,customer823@example.com,2023-07-14,2023-07-17,Single,100,Confirmed
B0824,Customer824,customer824@example.com,2023-07-15,2023-07-18,Double,150,Pending
B0825,Customer825,customer825@example.com,2023-07-16,2023-07-19,Suite,250,Cancelled
B0826,Customer826,customer826@example.com,2023-07-17,2023-07-20,Single,100,Confirmed
B0827,Customer827,customer827@example.com,2023-07-18,2023-07-21,Double,150,Pending
B0828,Customer828,customer828@example.com,2023-07-19,2023-07-22,Suite,250,Cancelled
B0829,Customer829,customer829@example.com,2023-07-20,2023-07-23,Single,100,Confirmed
B0830,Customer830,customer830@example.com,2023-07-21,2023-07-24,Double,150,Pending
B0831,Customer831,customer831@example.com,2023-07-22,2023-07-25,Suite,250,Cancelled
B0832,Customer832,customer832@example.com,2023-07-23,2023-07-26,Single,100,Confirmed
B0833,Customer833,customer833@example.com,2023-07-24,2023-07-27,Double,150,Pending
B0834,Customer834,customer834@example.com,2023-07-25,2023-07-28,Suite,250,Cancelled
B0835,Customer835,customer835@example.com,2023-07-26,2023-07-29,Single,100,Confirmed
B0836,Customer836,customer836@example.com,2023-07-27,2023-07-30,Double,150,Pending
B0837,Customer837,customer837@example.com,2023-07-28,2023-07-31,Suite,250,Cancelled
B0838,Customer838,customer838@example.com,2023-07-29,2023-08-01,Single,100,Confirmed
B0839,Customer839,customer839@example.com,2023-07-30,2023-08-02,Double,150,Pending
B0840,Customer840,customer840@example.com,2023-07-01,2023-07-04,Suite,250,Cancelled
B0841,Customer841,customer841@example.com,2023-07-02,2023-07-05,Single,100,Confirmed
B0842,Customer842,customer842@example.com,2023-07-03,2023-07-06,Double,150,Pending
B0843,Customer843,customer843@example.com,2023-07-04,2023-07-07,Suite,250,Cancelled
B0844,Customer844,customer844@example.com,2023-07-05,2023-07-08,Single,100,Confirmed
B0845,Customer845,customer845@example.com,2023-07-06,2023-07-09,Double,150,Pending
B0846,Customer846,customer846@example.com,2023-07-07,2023-07-10,Suite,250,Cancelled
B0847,Customer847,customer847@example.com,2023-07-08,2023-07-11,Single,100,Confirmed
B0848,Customer848,customer848@example.com,2023-07-09,2023-07-12,Double,150,Pending
B0849,Customer849,customer849@example.com,2023-07-10,2023-07-13,Suite,250,Cancelled
B0850,Customer850,customer850@example.com,2023-07-11,2023-07-14,Single,100,Confirmed
B0851,Customer851,customer851@example.com,2023-07-12,2023-07-15,Double,150,Pending
B0852,Customer852,customer852@example.com,2023-07-13,2023-07-16,Suite,250,Cancelled
B0853,Customer853,customer853@example.com,2023-07-14,2023-07-17,Single,100,Confirmed
B0854,Customer854,customer854@example.com,2023-07-15,2023-07-18,Double,150,Pending
B0855,Customer855,customer855@example.com,2023-07-16,2023-07-19,Suite,250,Cancelled
B0856,Customer856,customer856@example.com,2023-07-17,2023-07-20,Single,100,Confirmed
B0857,Customer857,customer857@example.com,2023-07-18,2023-07-21,Double,150,Pending
B0858,Customer858,customer858@example.com,2023-07-19,2023-07-22,Suite,250,Cancelled
B0859,Customer859,customer859@example.com,2023-07-20,2023-07-23,Single,100,Confirmed
B0860,Customer860,customer860@example.com,2023-07-21,2023-07-24,Double,150,Pending
B0861,Customer861,customer861@example.com,2023-07-22,2023-07-25,Suite,250,Cancelled
B0862,Customer862,customer862@example.com,2023-07-23,2023-07-26,Single,100,Confirmed
B0863,Customer863,customer863@example.com,2023-07-24,2023-07-27,Double,150,Pending
B0864,Customer864,customer864@example.com,2023-07-25,2023-07-28,Suite,250,Cancelled
B0865,Customer865,customer865@example.com,2023-07-26,2023-07-29,Single,100,Confirmed
B0866,Customer866,customer866@example.com,2023-07-27,2023-07-30,Double,150,Pending
B0867,Customer867,customer867@example.com,2023-07-28,2023-07-31,Suite,250,Cancelled
B0868,Customer868,customer868@example.com,2023-07-29,2023-08-01,Single,100,Confirmed
B0869,Customer869,customer869@example.com,2023-07-30,2023-08-02,Double,150,Pending
B0870,Customer870,customer870@example.com,2023-07-01,2023-07-04,Suite,250,Cancelled
B0871,Customer871,customer871@example.com,2023-07-02,2023-07-05,Single,100,Confirmed
B0872,Customer872,customer872@example.com,2023-07-03,2023-07-06,Double,150,Pending
B0873,Customer873,customer873@example.com,2023-07-04,2023-07-07,Suite,250,Cancelled
B0874,Customer874,customer874@example.com,2023-07-05,2023-07-08,Single,100,Confirmed
B0875,Customer875,customer875@example.com,2023-07-06,2023-07-09,Double,150,Pending
B0876,Customer876,customer876@example.com,2023-07-07,2023-07-10,Suite,250,Cancelled
B0877,Customer877,customer877@example.com,2023-07-08,2023-07-11,Single,100,Confirmed
B0878,Customer878,customer878@example.com,2023-07-09,2023-07-12,Double,150,Pending
B0879,Customer879,customer879@example.com,2023-07-10,2023-07-13,Suite,250,Cancelled
B0880,Customer880,customer880@example.com,2023-07-11,2023-07-14,Single,100,Confirmed
B0881,Customer881,customer881@example.com,2023-07-12,2023-07-15,Double,150,Pending
B0882,Customer882,customer882@example.com,2023-07-13,2023-07-16,Suite,250,Cancelled
B0883,Customer883,customer883@example.com,2023-07-14,2023-07-17,Single,100,Confirmed
B0884,Customer884,customer884@example.com,2023-07-15,2023-07-18,Double,150,Pending
B0885,Customer885,customer885@example.com,2023-07-16,2023-07-19,Suite,250,Cancelled
B0886,Customer886,customer886@example.com,2023-07-17,2023-07-20,Single,100,Confirmed
B0887,Customer887,customer887@example.com,2023-07-18,2023-07-21,Double,150,Pending
B0888,Customer888,customer888@example.com,2023-07-19,2023-07-22,Suite,250,Cancelled
B0889,Customer889,customer889@example.com,2023-07-20,2023-07-23,Single,100,Confirmed
B0890,Customer890,customer890@example.com,2023-07-21,2023-07-24,Double,150,Pending
B0891,Customer891,customer891@example.com,2023-07-22,2023-07-25,Suite,250,Cancelled
B0892,Customer892,customer892@example.com,2023-07-23,2023-07-26,Single,100,Confirmed
B0893,Customer893,customer893@example.com,2023-07-24,2023-07-27,Double,150,Pending
B0894,Customer894,customer894@example.com,2023-07-25,2023-07-28,Suite,250,Cancelled
B0895,Customer895,customer895@example.com,2023-07-26,2023-07-29,Single,100,Confirmed
B0896,Customer896,customer896@example.com,2023-07-27,2023-07-30,Double,150,Pending
B0897,Customer897,customer897@example.com,2023-07-28,2023-07-31,Suite,250,Cancelled
B0898,Customer898,customer898@example.com,2023-07-29,2023-08-01,Single,100,Confirmed
B0899,Customer899,customer899@example.com,2023-07-30,2023-08-02,Double,150,Pending
B0900,Customer900,customer900@example.com,2023-07-01,2023-07-04,Suite,250,Cancelled
B0901,Customer901,customer901@example.com,2023-07-02,2023-07-05,Single,100,Confirmed
B0902,Customer902,customer902@example.com,2023-07-03,2023-07-06,Double,150,Pending
B0903,Customer903,customer903@example.com,2023-07-04,2023-07-07,Suite,250,Cancelled
B0904,Customer904,customer904@example.com,2023-07-05,2023-07-08,Single,100,Confirmed
B0905,Customer905,customer905@example.com,2023-07-06,2023-07-09,Double,150,Pending
B0906,Customer906,customer906@example.com,2023-07-07,2023-07-10,Suite,250,Cancelled
B0907,Customer907,customer907@example.com,2023-07-08,2023-07-11,Single,100,Confirmed
B0908,Customer908,customer908@example.com,2023-07-09,2023-07-12,Double,150,Pending
B0909,Customer909,customer909@example.com,2023-07-10,2023-07-13,Suite,250,Cancelled
B0910,Customer910,customer910@example.com,2023-07-11,2023-07-14,Single,100,Confirmed
B0911,Customer911,customer911@example.com,2023-07-12,2023-07-15,Double,150,Pending
B0912,Customer912,customer912@example.com,2023-07-13,2023-07-16,Suite,250,Cancelled
B0913,Customer913,customer913@example.com,2023-07-14,2023-07-17,Single,100,Confirmed
B0914,Customer914,customer914@example.com,2023-07-15,2023-07-18,Double,150,Pending
B0915,Customer915,customer915@example.com,2023-07-16,2023-07-19,Suite,250,Cancelled
B0916,Customer916,customer916@example.com,2023-07-17,2023-07-20,Single,100,Confirmed
B0917,Customer917,customer917@example.com,2023-07-18,2023-07-21,Double,150,Pending
B0918,Customer918,customer918@example.com,2023-07-19,2023-07-22,Suite,250,Cancelled
B0919,Customer919,customer919@example.com,2023-07-20,2023-07-23,Single,100,Confirmed
B0920,Customer920,customer920@example.com,2023-07-21,2023-07-24,Double,150,Pending
B0921,Customer921,customer921@example.com,2023-07-22,2023-07-25,Suite,250,Cancelled
B0922,Customer922,customer922@example.com,2023-07-23,2023-07-26,Single,100,Confirmed
B0923,Customer923,customer923@example.com,2023-07-24,2023-07-27,Double,150,Pending
B0924,Customer924,customer924@example.com,2023-07-25,2023-07-28,Suite,250,Cancelled
B0925,Customer925,customer925@example.com,2023-07-26,2023-07-29,Single,100,Confirmed
B0926,Customer926,customer926@example.com,2023-07-27,2023-07-30,Double,150,Pending
B0927,Customer927,customer927@example.com,2023-07-28,2023-07-31,Suite,250,Cancelled
B0928,Customer928,customer928@example.com,2023-07-29,2023-08-01,Single,100,Confirmed
B0929,Customer929,customer929@example.com,2023-07-30,2023-08-02,Double,150,Pending
B0930,Customer930,customer930@example.com,2023-07-01,2023-07-04,Suite,250,Cancelled
B0931,Customer931,customer931@example.com,2023-07-02,2023-07-05,Single,100,Confirmed
B0932,Customer932,customer932@example.com,2023-07-03,2023-07-06,Double,150,Pending
B0933,Customer933,customer933@example.com,2023-07-04,2023-07-07,Suite,250,Cancelled
B0934,Customer934,customer934@example.com,2023-07-05,2023-07-08,Single,100,Confirmed
B0935,Customer935,customer935@example.com,2023-07-06,2023-07-09,Double,150,Pending
B0936,Customer936,customer936@example.com,2023-07-07,2023-07-10,Suite,250,Cancelled
B0937,Customer937,customer937@example.com,2023-07-08,2023-07-11,Single,100,Confirmed
B0938,Customer938,customer938@example.com,2023-07-09,2023-07-12,Double,150,Pending
B0939,Customer939,customer939@example.com,2023-07-10,2023-07-13,Suite,250,Cancelled
B0940,Customer940,customer940@example.com,2023-07-11,2023-07-14,Single,100,Confirmed
B0941,Customer941,customer941@example.com,2023-07-12,2023-07-15,Double,150,Pending
B0942,Customer942,customer942@example.com,2023-07-13,2023-07-16,Suite,250,Cancelled
B0943,Customer943,customer943@example.com,2023-07-14,2023-07-17,Single,100,Confirmed
B0944,Customer944,customer944@example.com,2023-07-15,2023-07-18,Double,150,Pending
B0945,Customer945,customer945@example.com,2023-07-16,2023-07-19,Suite,250,Cancelled
B0946,Customer946,customer946@example.com,2023-07-17,2023-07-20,Single,100,Confirmed
B0947,Customer947,customer947@example.com,2023-07-18,2023-07-21,Double,150,Pending
B0948,Customer948,customer948@example.com,2023-07-19,2023-07-22,Suite,250,Cancelled
B0949,Customer949,customer949@example.com,2023-07-20,2023-07-23,Single,100,Confirmed
B0950,Customer950,customer950@example.com,2023-07-21,2023-07-24,Double,150,Pending
B0951,Customer951,customer951@example.com,2023-07-22,2023-07-25,Suite,250,Cancelled
B0952,Customer952,customer952@example.com,2023-07-23,2023-07-26,Single,100,Confirmed
B0953,Customer953,customer953@example.com,2023-07-24,2023-07-27,Double,150,Pending
B0954,Customer954,customer954@example.com,2023-07-25,2023-07-28,Suite,250,Cancelled
B0955,Customer955,customer955@example.com,2023-07-26,2023-07-29,Single,100,Confirmed
B0956,Customer956,customer956@example.com,2023-07-27,2023-07-30,Double,150,Pending
B0957,Customer957,customer957@example.com,2023-07-28,2023-07-31,Suite,250,Cancelled
B0958,Customer958,customer958@example.com,2023-07-29,2023-08-01,Single,100,Confirmed
B0959,Customer959,customer959@example.com,2023-07-30,2023-08-02,Double,150,Pending
B0960,Customer960,customer960@example.com,2023-07-01,2023-07-04,Suite,250,Cancelled
B0961,Customer961,customer961@example.com,2023-07-02,2023-07-05,Single,100,Confirmed
B0962,Customer962,customer962@example.com,2023-07-03,2023-07-06,Double,150,Pending
B0963,Customer963,customer963@example.com,2023-07-04,2023-07-07,Suite,250,Cancelled
B0964,Customer964,customer964@example.com,2023-07-05,2023-07-08,Single,100,Confirmed
B0965,Customer965,customer965@example.com,2023-07-06,2023-07-09,Double,150,Pending
B0966,Customer966,customer966@example.com,2023-07-07,2023-07-10,Suite,250,Cancelled
B0967,Customer967,customer967@example.com,2023-07-08,2023-07-11,Single,100,Confirmed
B0968,Customer968,customer968@example.com,2023-07-09,2023-07-12,Double,150,Pending
B0969,Customer969,customer969@example.com,2023-07-10,2023-07-13,Suite,250,Cancelled
B0970,Customer970,customer970@example.com,2023-07-11,2023-07-14,Single,100,Confirmed
B0971,Customer971,customer971@example.com,2023-07-12,2023-07-15,Double,150,Pending
B0972,Customer972,customer972@example.com,2023-07-13,2023-07-16,Suite,250,Cancelled
B0973,Customer973,customer973@example.com,2023-07-14,2023-07-17,Single,100,Confirmed
B0974,Customer974,customer974@example.com,2023-07-15,2023-07-18,Double,150,Pending
B0975,Customer975,customer975@example.com,2023-07-16,2023-07-19,Suite,250,Cancelled
B0976,Customer976,customer976@example.com,2023-07-17,2023-07-20,Single,100,Confirmed
B0977,Customer977,customer977@example.com,2023-07-18,2023-07-21,Double,150,Pending
B0978,Customer978,customer978@example.com,2023-07-19,2023-07-22,Suite,250,Cancelled
B0979,Customer979,customer979@example.com,2023-07-20,2023-07-23,Single,100,Confirmed
B0980,Customer980,customer980@example.com,2023-07-21,2023-07-24,Double,150,Pending
B0981,Customer981,customer981@example.com,2023-07-22,2023-07-25,Suite,250,Cancelled
B0982,Customer982,customer982@example.com,2023-07-23,2023-07-26,Single,100,Confirmed
B0983,Customer983,customer983@example.com,2023-07-24,2023-07-27,Double,150,Pending
B0984,Customer984,customer984@example.com,2023-07-25,2023-07-28,Suite,250,Cancelled
B0985,Customer985,customer985@example.com,2023-07-26,2023-07-29,Single,100,Confirmed
B0986,Customer986,customer986@example.com,2023-07-27,2023-07-30,Double,150,Pending
B0987,Customer987,customer987@example.com,2023-07-28,2023-07-31,Suite,250,Cancelled
B0988,Customer988,customer988@example.com,2023-07-29,2023-08-01,Single,100,Confirmed
B0989,Customer989,customer989@example.com,2023-07-30,2023-08-02,Double,150,Pending
B0990,Customer990,customer990@example.com,2023-07-01,2023-07-04,Suite,250,Cancelled
B0991,Customer991,customer991@example.com,2023-07-02,2023-07-05,Single,100,Confirmed
B0992,Customer992,customer992@example.com,2023-07-03,2023-07-06,Double,150,Pending
B0993,Customer993,customer993@example.com,2023-07-04,2023-07-07,Suite,250,Cancelled
B0994,Customer994,customer994@example.com,2023-07-05,2023-07-08,Single,100,Confirmed
B0995,Customer995,customer995@example.com,2023-07-06,2023-07-09,Double,150,Pending
B0996,Customer996,customer996@example.com,2023-07-07,2023-07-10,Suite,250,Cancelled
B0997,Customer997,customer997@example.com,2023-07-08,2023-07-11,Single,100,Confirmed
B0998,Customer998,customer998@example.com,2023-07-09,2023-07-12,Double,150,Pending
B0999,Customer999,customer999@example.com,2023-07-10,2023-07-13,Suite,250,Cancelled
B1000,Customer1000,customer1000@example.com,2023-07-11,2023-07-14,Single,100,Confirmed
